model1_dice,model1_dice_std,model1_hd95,model1_hd95_std,model1_min_dice,model1_max_dice,model1_min_hd95,model1_max_hd95,model2_dice,model2_dice_std,model2_hd95,model2_hd95_std,model2_min_dice,model2_max_dice,model2_min_hd95,model2_max_hd95,dice_p_value,hd95_p_value
0.8126845730337078,0.039350055059418465,5.906767303370786,1.5109057171585587,0.693864,0.871441,3.515625,11.61306,0.8435312022471909,0.049451696559549146,5.258271123595506,1.7666845092107297,0.65955,0.905424,3.314563,10.54688,7.890683215288896e-06,0.009249107367616872
