model1_dice,model1_dice_std,model1_hd95,model1_hd95_std,model1_min_dice,model1_max_dice,model1_min_hd95,model1_max_hd95,model2_dice,model2_dice_std,model2_hd95,model2_hd95_std,model2_min_dice,model2_max_dice,model2_min_hd95,model2_max_hd95,dice_p_value,hd95_p_value
0.8684884494577777,0.04696613869609085,7.369346504966666,2.600529555876676,0.6574377551,0.9169618525,4.6875,16.70962143,0.8744798302494381,0.0381754310964332,7.305669950617978,2.3011033356146515,0.7340274057,0.9216457661,4.225255489,12.95462322,0.35057496489114726,0.8625190800193552
