model1_dice,model1_dice_std,model1_hd95,model1_hd95_std,model1_min_dice,model1_max_dice,model1_min_hd95,model1_max_hd95,model2_dice,model2_dice_std,model2_hd95,model2_hd95_std,model2_min_dice,model2_max_dice,model2_min_hd95,model2_max_hd95,dice_p_value,hd95_p_value
0.8479665236921349,0.030292397605480727,11.616945753348316,3.892700588593104,0.7524847222,0.8914891551,7.702744484,38.89399185,0.8744798302494381,0.0381754310964332,7.305669950617978,2.3011033356146515,0.7340274057,0.9216457661,4.225255489,12.95462322,7.511693442288101e-07,3.7174398840164107e-16
